{
  "description": {
    "title": "ENTRE MINAS | ARTE MINEIRA",
    "text": ""
  },
  "links_1": {
    "list_pages": true,
    "title": "PÁGINAS",
    "list": [
      {}
    ]
  },
  "links_2": {
    "list_categories": false,
    "title": "INSTAGRAM",
    "list": [
      {
        "url": "www.instagram.com/entreminas.co"
      }
    ]
  },
  "contacts": {
    "title": "CONTATOS",
    "phone_wpp": true,
    "socials": true,
    "email": true,
    "address": true
  },
  "stamps": [
    {
      "src": "/img/uploads/ssl-safe.png",
      "alt": "Secure connection"
    }
  ],
  "payment_methods": {
    "bb": false,
    "visa": true,
    "boleto": true,
    "aura": false,
    "banrisul": false,
    "elo": true,
    "hipercard": false,
    "hsbc": false,
    "bradesco": false,
    "santander": false,
    "mastercard": true,
    "citibank": false,
    "mais": false,
    "itau": false
  },
  "credits": ""
}