{
  "meta_title": "",
  "meta_description": "",
  "sections": [
    {
      "type": "banner-slider",
      "autoplay": 3000,
      "slides": [
        {
          "start": "",
          "end": "",
          "img": "/img/uploads/banner-g-tiradentes-desktop.png",
          "mobile_img": "/img/uploads/banner-g-tiradentes-celular.png"
        },
        {
          "start": "",
          "end": "",
          "img": "/img/uploads/banner-g-leticia-desktop.png",
          "link": "https://entreminas.netlify.app/feminina",
          "mobile_img": "/img/uploads/banner-g-leticia-celular.png"
        },
        {
          "start": "",
          "end": "",
          "img": "/img/uploads/banner-g-joao-desktop-orange.png",
          "link": "https://entreminas.netlify.app/esculturas",
          "mobile_img": "/img/uploads/banner-g-joao-celular.png"
        }
      ]
    },
    {
      "type": "info-bar",
      "enabled": true
    },
    {
      "type": "collection-shelf",
      "shuffle": true,
      "headless": false,
      "sort": "slug",
      "collection_id": null
    },
    {
      "type": "collection-shelf",
      "shuffle": true,
      "collection_id": null,
      "headless": false,
      "sort": "news"
    },
    {
      "type": "collection-shelf",
      "shuffle": true,
      "sort": "offers"
    },
    {
      "type": "banners-grid",
      "banners": [
        {
          "img": "/img/uploads/banner-p-mara-desktop.png",
          "link": "https://entreminas.netlify.app/casaedecoracao"
        },
        {
          "img": "/img/uploads/banner-p-eglea..png"
        }
      ]
    },
    {
      "type": "collection-shelf",
      "shuffle": true,
      "sort": "lowest_price",
      "headless": false
    }
  ]
}